{
  "cameraPoseARFrame" : [
    0.26762905716896057,
    -0.74502861499786377,
    0.6109887957572937,
    0.90662097930908203,
    0.079265542328357697,
    0.64899498224258423,
    0.75665223598480225,
    1.4704650640487671,
    -0.96025609970092773,
    -0.15407177805900574,
    0.23274499177932739,
    0.80715322494506836,
    0,
    0,
    0,
    1.0000001192092896
  ],
  "averageAngularVelocity" : 0.13301786780357361,
  "cameraGrain" : 0,
  "exposureDuration" : 0.016393441706895828,
  "motionQuality" : 0.96199488639831543,
  "averageVelocity" : 0.1041606217622757,
  "frame_index" : 48,
  "time" : 402905.17279416678,
  "intrinsics" : [
    1448.0435791015625,
    0,
    968.44073486328125,
    0,
    1448.0435791015625,
    694.1497802734375,
    0,
    0,
    1
  ],
  "projectionMatrix" : [
    1.5083787441253662,
    0,
    -0.0093132257461547852,
    0,
    0,
    2.0111715793609619,
    -0.035208582878112793,
    0,
    0,
    0,
    -0.9999997615814209,
    -0.00099999981466680765,
    0,
    0,
    -1,
    0
  ]
}