{
  "cameraGrain" : 0,
  "intrinsics" : [
    1447.633544921875,
    0,
    966.2027587890625,
    0,
    1447.633544921875,
    692.38238525390625,
    0,
    0,
    1
  ],
  "frame_index" : 11,
  "averageAngularVelocity" : 0.20872762799263,
  "cameraPoseARFrame" : [
    0.94301080703735352,
    0.24733352661132812,
    -0.22261318564414978,
    -0.16796684265136719,
    -0.013758118264377117,
    0.69739371538162231,
    0.71655595302581787,
    1.4515882730484009,
    0.3324773907661438,
    -0.67265737056732178,
    0.66105276346206665,
    1.4321436882019043,
    0,
    0,
    0,
    1
  ],
  "averageVelocity" : 0.2395588755607605,
  "motionQuality" : 0.93155461549758911,
  "time" : 402898.99386829173,
  "exposureDuration" : 0.016393441706895828,
  "projectionMatrix" : [
    1.5079516172409058,
    0,
    -0.0069820880889892578,
    0,
    0,
    2.0106022357940674,
    -0.03766334056854248,
    0,
    0,
    0,
    -0.9999997615814209,
    -0.00099999981466680765,
    0,
    0,
    -1,
    0
  ]
}