{
  "averageVelocity" : 0.10022957623004913,
  "cameraPoseARFrame" : [
    0.8552277684211731,
    -0.39853766560554504,
    0.33129015564918518,
    0.57636427879333496,
    0.034619905054569244,
    0.68175047636032104,
    0.73076516389846802,
    1.4872639179229736,
    -0.51709473133087158,
    -0.61350148916244507,
    0.59684920310974121,
    1.3293156623840332,
    0,
    0,
    0,
    1
  ],
  "frame_index" : 29,
  "intrinsics" : [
    1447.68017578125,
    0,
    966.3984375,
    0,
    1447.68017578125,
    692.4700927734375,
    0,
    0,
    1
  ],
  "cameraGrain" : 0,
  "motionQuality" : 0.97136294841766357,
  "projectionMatrix" : [
    1.5080001354217529,
    0,
    -0.007185816764831543,
    0,
    0,
    2.0106668472290039,
    -0.037541508674621582,
    0,
    0,
    0,
    -0.9999997615814209,
    -0.00099999981466680765,
    0,
    0,
    -1,
    0
  ],
  "averageAngularVelocity" : 0.054872464388608932,
  "exposureDuration" : 0.016393441706895828,
  "time" : 402902.00010520843
}