{
  "averageAngularVelocity" : 0.0945754274725914,
  "intrinsics" : [
    1447.654296875,
    0,
    966.41522216796875,
    0,
    1447.654296875,
    692.70855712890625,
    0,
    0,
    1
  ],
  "time" : 402900.29653775011,
  "cameraGrain" : 0,
  "projectionMatrix" : [
    1.5079731941223145,
    0,
    -0.0072033405303955078,
    0,
    0,
    2.0106310844421387,
    -0.037210345268249512,
    0,
    0,
    0,
    -0.9999997615814209,
    -0.00099999981466680765,
    0,
    0,
    -1,
    0
  ],
  "frame_index" : 19,
  "exposureDuration" : 0.016393441706895828,
  "cameraPoseARFrame" : [
    0.99869656562805176,
    0.016565458849072456,
    -0.048279162496328354,
    0.096847414970397949,
    0.023672377690672874,
    0.68767106533050537,
    0.72563636302947998,
    1.4692429304122925,
    0.045220684260129929,
    -0.72583335638046265,
    0.68638265132904053,
    1.3918256759643555,
    0,
    0,
    0,
    1.0000001192092896
  ],
  "motionQuality" : 0.95145958662033081,
  "averageVelocity" : 0.16989146173000336
}