{
  "motionQuality" : 0.86621665954589844,
  "averageVelocity" : 0.46824175119400024,
  "intrinsics" : [
    1448.038330078125,
    0,
    969.83551025390625,
    0,
    1448.038330078125,
    695.6805419921875,
    0,
    0,
    1
  ],
  "time" : 402903.66940316674,
  "averageAngularVelocity" : 0.34936267137527466,
  "exposureDuration" : 0.016393441706895828,
  "frame_index" : 39,
  "projectionMatrix" : [
    1.5083732604980469,
    0,
    -0.010766148567199707,
    0,
    0,
    2.0111644268035889,
    -0.03308260440826416,
    0,
    0,
    0,
    -0.9999997615814209,
    -0.00099999981466680765,
    0,
    0,
    -1,
    0
  ],
  "cameraPoseARFrame" : [
    0.55029648542404175,
    -0.65185445547103882,
    0.52178484201431274,
    0.80929207801818848,
    0.057699341326951981,
    0.65310889482498169,
    0.7550625205039978,
    1.4688569307327271,
    -0.83297330141067505,
    -0.38540163636207581,
    0.39701518416404724,
    1.0172004699707031,
    0,
    0,
    0,
    1
  ],
  "cameraGrain" : 0
}