{
  "motionQuality" : 0.92202532291412354,
  "averageVelocity" : 0.15857642889022827,
  "frame_index" : 42,
  "cameraPoseARFrame" : [
    0.41284996271133423,
    -0.68377691507339478,
    0.60166776180267334,
    0.95170855522155762,
    0.053756050765514374,
    0.6777348518371582,
    0.73333877325057983,
    1.4895768165588379,
    -0.90921133756637573,
    -0.27041557431221008,
    0.31656000018119812,
    0.97222590446472168,
    0,
    0,
    0,
    1
  ],
  "intrinsics" : [
    1448.038330078125,
    0,
    967.88189697265625,
    0,
    1448.038330078125,
    692.57940673828125,
    0,
    0,
    1
  ],
  "projectionMatrix" : [
    1.5083732604980469,
    0,
    -0.0087311267852783203,
    0,
    0,
    2.0111644268035889,
    -0.037389755249023438,
    0,
    0,
    0,
    -0.9999997615814209,
    -0.00099999981466680765,
    0,
    0,
    -1,
    0
  ],
  "time" : 402904.17133666674,
  "averageAngularVelocity" : 0.27291136980056763,
  "cameraGrain" : 0,
  "exposureDuration" : 0.016393441706895828
}