{
  "time" : 402903.13609383343,
  "intrinsics" : [
    1448.079833984375,
    0,
    968.970458984375,
    0,
    1448.079833984375,
    694.46405029296875,
    0,
    0,
    1
  ],
  "motionQuality" : 0.91280448436737061,
  "frame_index" : 36,
  "exposureDuration" : 0.016393441706895828,
  "cameraPoseARFrame" : [
    0.72039425373077393,
    -0.55818295478820801,
    0.41166016459465027,
    0.61910319328308105,
    0.062473513185977936,
    0.64335334300994873,
    0.76301610469818115,
    1.4664237499237061,
    -0.69074553251266479,
    -0.52395451068878174,
    0.49833971261978149,
    1.0889892578125,
    0,
    0,
    0,
    1.0000001192092896
  ],
  "averageAngularVelocity" : 0.30518433451652527,
  "cameraGrain" : 0,
  "projectionMatrix" : [
    1.5084165334701538,
    0,
    -0.0098650455474853516,
    0,
    0,
    2.0112218856811523,
    -0.034772157669067383,
    0,
    0,
    0,
    -0.9999997615814209,
    -0.00099999981466680765,
    0,
    0,
    -1,
    0
  ],
  "averageVelocity" : 0.18761852383613586
}