{
  "exposureDuration" : 0.016393441706895828,
  "cameraPoseARFrame" : [
    0.94699341058731079,
    0.24272054433822632,
    -0.21045227348804474,
    -0.1554262638092041,
    -0.021532626822590828,
    0.70158267021179199,
    0.71226263046264648,
    1.4528061151504517,
    0.32053041458129883,
    -0.66997641324996948,
    0.66962063312530518,
    1.437023401260376,
    0,
    0,
    0,
    1
  ],
  "motionQuality" : 0.93555372953414917,
  "time" : 402899.0602505834,
  "frame_index" : 12,
  "projectionMatrix" : [
    1.5080001354217529,
    0,
    -0.0064996480941772461,
    0,
    0,
    2.0106668472290039,
    -0.037939786911010742,
    0,
    0,
    0,
    -0.9999997615814209,
    -0.00099999981466680765,
    0,
    0,
    -1,
    0
  ],
  "intrinsics" : [
    1447.68017578125,
    0,
    965.7396240234375,
    0,
    1447.68017578125,
    692.183349609375,
    0,
    0,
    1
  ],
  "averageAngularVelocity" : 0.22556193172931671,
  "cameraGrain" : 0,
  "averageVelocity" : 0.21062402427196503
}