{
  "projectionMatrix" : [
    1.5080490112304688,
    0,
    -0.0097584724426269531,
    0,
    0,
    2.0107319355010986,
    -0.038479924201965332,
    0,
    0,
    0,
    -0.9999997615814209,
    -0.00099999981466680765,
    0,
    0,
    -1,
    0
  ],
  "time" : 402904.6721322501,
  "averageAngularVelocity" : 0.13610991835594177,
  "intrinsics" : [
    1447.72705078125,
    0,
    968.8681640625,
    0,
    1447.72705078125,
    691.79443359375,
    0,
    0,
    1
  ],
  "motionQuality" : 0.92852246761322021,
  "exposureDuration" : 0.016393441706895828,
  "cameraGrain" : 0,
  "cameraPoseARFrame" : [
    0.31549364328384399,
    -0.72217899560928345,
    0.61556583642959595,
    0.9338524341583252,
    0.07245451956987381,
    0.66513556241989136,
    0.74319911003112793,
    1.4818609952926636,
    -0.94615757465362549,
    -0.18987409770488739,
    0.26217120885848999,
    0.87505507469177246,
    0,
    0,
    0,
    0.99999988079071045
  ],
  "averageVelocity" : 0.25017145276069641,
  "frame_index" : 45
}