{
  "frame_index" : 65,
  "motionQuality" : 0.970802903175354,
  "exposureDuration" : 0.016393441706895828,
  "time" : 402908.21406345844,
  "averageVelocity" : 0.10218982398509979,
  "intrinsics" : [
    1448.069580078125,
    0,
    968.740234375,
    0,
    1448.069580078125,
    692.23980712890625,
    0,
    0,
    1
  ],
  "cameraPoseARFrame" : [
    -0.31792864203453064,
    -0.66090869903564453,
    0.67979508638381958,
    1.1053025722503662,
    0.06731647253036499,
    0.6994519829750061,
    0.7115023136138916,
    1.4443949460983276,
    -0.94572192430496216,
    0.27196836471557617,
    -0.1778857558965683,
    0.23424434661865234,
    0,
    0,
    0,
    1.0000001192092896
  ],
  "projectionMatrix" : [
    1.5084058046340942,
    0,
    -0.0096251964569091797,
    0,
    0,
    2.0112078189849854,
    -0.037861347198486328,
    0,
    0,
    0,
    -0.9999997615814209,
    -0.00099999981466680765,
    0,
    0,
    -1,
    0
  ],
  "averageAngularVelocity" : 0.048815231770277023,
  "cameraGrain" : 0
}