{
  "intrinsics" : [
    1448.5211181640625,
    0,
    967.90570068359375,
    0,
    1448.5211181640625,
    693.71356201171875,
    0,
    0,
    1
  ],
  "averageVelocity" : 0.17068634927272797,
  "motionQuality" : 0.95123249292373657,
  "projectionMatrix" : [
    1.5088762044906616,
    0,
    -0.0087559223175048828,
    0,
    0,
    2.0118348598480225,
    -0.035814523696899414,
    0,
    0,
    0,
    -0.9999997615814209,
    -0.00099999981466680765,
    0,
    0,
    -1,
    0
  ],
  "time" : 402906.64360729174,
  "cameraGrain" : 0,
  "frame_index" : 56,
  "averageAngularVelocity" : 0.08507082611322403,
  "exposureDuration" : 0.016393441706895828,
  "cameraPoseARFrame" : [
    -0.076158978044986725,
    -0.7332921028137207,
    0.67563498020172119,
    1.0336658954620361,
    0.051922593265771866,
    0.67376691102981567,
    0.7371174693107605,
    1.4259968996047974,
    -0.99574291706085205,
    0.091218844056129456,
    -0.013238974846899509,
    0.52170133590698242,
    0,
    0,
    0,
    1
  ]
}