{
  "motionQuality" : 0.93431323766708374,
  "averageVelocity" : 0.22990365326404572,
  "frame_index" : 50,
  "cameraPoseARFrame" : [
    0.2065739780664444,
    -0.74610060453414917,
    0.63297790288925171,
    0.89571213722229004,
    0.055727314203977585,
    0.6548532247543335,
    0.75369858741760254,
    1.4306492805480957,
    -0.97684264183044434,
    -0.12042036652565002,
    0.17685383558273315,
    0.7493889331817627,
    0,
    0,
    0,
    1
  ],
  "time" : 402905.57458975009,
  "intrinsics" : [
    1448.079833984375,
    0,
    969.3697509765625,
    0,
    1448.079833984375,
    694.66094970703125,
    0,
    0,
    1
  ],
  "projectionMatrix" : [
    1.5084165334701538,
    0,
    -0.010280966758728027,
    0,
    0,
    2.0112218856811523,
    -0.034498691558837891,
    0,
    0,
    0,
    -0.9999997615814209,
    -0.00099999981466680765,
    0,
    0,
    -1,
    0
  ],
  "averageAngularVelocity" : 0.21143285930156708,
  "cameraGrain" : 0,
  "exposureDuration" : 0.016393441706895828
}