{
  "time" : 402900.59492662508,
  "exposureDuration" : 0.016393441706895828,
  "cameraPoseARFrame" : [
    0.99883431196212769,
    -0.047778263688087463,
    0.0068781520240008831,
    0.16356372833251953,
    0.026858735829591751,
    0.66849428415298462,
    0.74323207139968872,
    1.4585988521575928,
    -0.040108349174261093,
    -0.74218094348907471,
    0.66899830102920532,
    1.3707304000854492,
    0,
    0,
    0,
    1
  ],
  "motionQuality" : 0.9164547324180603,
  "frame_index" : 21,
  "projectionMatrix" : [
    1.5079300403594971,
    0,
    -0.0086194276809692383,
    0,
    0,
    2.0105733871459961,
    -0.03677070140838623,
    0,
    0,
    0,
    -0.9999997615814209,
    -0.00099999981466680765,
    0,
    0,
    -1,
    0
  ],
  "intrinsics" : [
    1447.61279296875,
    0,
    967.774658203125,
    0,
    1447.61279296875,
    693.02508544921875,
    0,
    0,
    1
  ],
  "averageVelocity" : 0.29240834712982178,
  "averageAngularVelocity" : 0.2479536235332489,
  "cameraGrain" : 0
}