{
  "time" : 402901.79963883344,
  "cameraGrain" : 0,
  "exposureDuration" : 0.016393441706895828,
  "averageVelocity" : 0.08295585960149765,
  "averageAngularVelocity" : 0.090045653283596039,
  "projectionMatrix" : [
    1.5084596872329712,
    0,
    -0.0065251588821411133,
    0,
    0,
    2.0112795829772949,
    -0.037483453750610352,
    0,
    0,
    0,
    -0.9999997615814209,
    -0.00099999981466680765,
    0,
    0,
    -1,
    0
  ],
  "intrinsics" : [
    1448.121337890625,
    0,
    965.76416015625,
    0,
    1448.121337890625,
    692.51190185546875,
    0,
    0,
    1
  ],
  "cameraPoseARFrame" : [
    0.86815923452377319,
    -0.37576976418495178,
    0.32418635487556458,
    0.56778287887573242,
    0.024512046948075294,
    0.6848943829536438,
    0.7282300591468811,
    1.4875679016113281,
    -0.49568018317222595,
    -0.62427312135696411,
    0.60380828380584717,
    1.3447303771972656,
    0,
    0,
    0,
    1.0000001192092896
  ],
  "frame_index" : 28,
  "motionQuality" : 0.97427266836166382
}