{
  "frame_index" : 64,
  "motionQuality" : 0.9590451717376709,
  "exposureDuration" : 0.016393441706895828,
  "time" : 402907.98104950011,
  "averageVelocity" : 0.14334180951118469,
  "intrinsics" : [
    1447.9813232421875,
    0,
    969.08984375,
    0,
    1447.9813232421875,
    691.66107177734375,
    0,
    0,
    1
  ],
  "cameraPoseARFrame" : [
    -0.32345616817474365,
    -0.66115063428878784,
    0.67694604396820068,
    1.1063997745513916,
    0.081087209284305573,
    0.69340527057647705,
    0.71597063541412354,
    1.4397904872894287,
    -0.94276237487792969,
    0.28647679090499878,
    -0.17067542672157288,
    0.25915265083312988,
    0,
    0,
    0,
    1
  ],
  "projectionMatrix" : [
    1.5083138942718506,
    0,
    -0.0099893808364868164,
    0,
    0,
    2.0110852718353271,
    -0.038665175437927246,
    0,
    0,
    0,
    -0.9999997615814209,
    -0.00099999981466680765,
    0,
    0,
    -1,
    0
  ],
  "averageAngularVelocity" : 0.1121244803071022,
  "cameraGrain" : 0
}