{
  "frame_index" : 34,
  "averageAngularVelocity" : 0.12791267037391663,
  "projectionMatrix" : [
    1.5084165334701538,
    0,
    -0.010008335113525391,
    0,
    0,
    2.0112218856811523,
    -0.036705732345581055,
    0,
    0,
    0,
    -0.9999997615814209,
    -0.00099999981466680765,
    0,
    0,
    -1,
    0
  ],
  "averageVelocity" : 0.26194304227828979,
  "intrinsics" : [
    1448.079833984375,
    0,
    969.1080322265625,
    0,
    1448.079833984375,
    693.0718994140625,
    0,
    0,
    1
  ],
  "time" : 402902.86809800006,
  "cameraPoseARFrame" : [
    0.76626986265182495,
    -0.52424687147140503,
    0.37147772312164307,
    0.59339570999145508,
    0.076521813869476318,
    0.64850485324859619,
    0.75735443830490112,
    1.4634664058685303,
    -0.63794583082199097,
    -0.55191177129745483,
    0.53704607486724854,
    1.134411096572876,
    0,
    0,
    0,
    1
  ],
  "cameraGrain" : 0,
  "exposureDuration" : 0.016393441706895828,
  "motionQuality" : 0.92515915632247925
}