{
  "time" : 402901.59893620841,
  "cameraGrain" : 0,
  "exposureDuration" : 0.016393441706895828,
  "averageVelocity" : 0.16556988656520844,
  "averageAngularVelocity" : 0.13141700625419617,
  "projectionMatrix" : [
    1.5084326267242432,
    0,
    -0.006783604621887207,
    0,
    0,
    2.0112435817718506,
    -0.037496685981750488,
    0,
    0,
    0,
    -0.9999997615814209,
    -0.00099999981466680765,
    0,
    0,
    -1,
    0
  ],
  "intrinsics" : [
    1448.0953369140625,
    0,
    966.01226806640625,
    0,
    1448.0953369140625,
    692.50238037109375,
    0,
    0,
    1
  ],
  "frame_index" : 27,
  "motionQuality" : 0.95269429683685303,
  "cameraPoseARFrame" : [
    0.88043183088302612,
    -0.36278358101844788,
    0.30533230304718018,
    0.55216789245605469,
    0.030583122745156288,
    0.68603187799453735,
    0.7269284725189209,
    1.4856607913970947,
    -0.47318539023399353,
    -0.63067299127578735,
    0.61509937047958374,
    1.3504369258880615,
    0,
    0,
    0,
    1
  ]
}