{
  "projectionMatrix" : [
    1.5079516172409058,
    0,
    -0.007043004035949707,
    0,
    0,
    2.0106022357940674,
    -0.038283824920654297,
    0,
    0,
    0,
    -0.9999997615814209,
    -0.00099999981466680765,
    0,
    0,
    -1,
    0
  ],
  "intrinsics" : [
    1447.633544921875,
    0,
    966.26129150390625,
    0,
    1447.633544921875,
    691.93560791015625,
    0,
    0,
    1
  ],
  "averageAngularVelocity" : 0.13884492218494415,
  "cameraPoseARFrame" : [
    0.98956382274627686,
    0.1032554879784584,
    -0.10050704330205917,
    0.0080840587615966797,
    0.00099721422884613276,
    0.69258147478103638,
    0.72133892774581909,
    1.4426708221435547,
    0.14409153163433075,
    -0.71391123533248901,
    0.68525063991546631,
    1.4074220657348633,
    0,
    0,
    0,
    1
  ],
  "frame_index" : 16,
  "time" : 402899.7941019584,
  "cameraGrain" : 0,
  "averageVelocity" : 0.28732296824455261,
  "exposureDuration" : 0.016393441706895828,
  "motionQuality" : 0.91790771484375
}