{
  "motionQuality" : 0.9690859317779541,
  "averageVelocity" : 0.10819920152425766,
  "frame_index" : 47,
  "cameraPoseARFrame" : [
    0.28062951564788818,
    -0.7412523627281189,
    0.60974764823913574,
    0.91049098968505859,
    0.086120165884494781,
    0.65215891599655151,
    0.75317472219467163,
    1.4729437828063965,
    -0.95594483613967896,
    -0.15885147452354431,
    0.24685181677341461,
    0.81625962257385254,
    0,
    0,
    0,
    1.0000001192092896
  ],
  "time" : 402905.0734757501,
  "intrinsics" : [
    1448.07470703125,
    0,
    968.50408935546875,
    0,
    1448.07470703125,
    693.8631591796875,
    0,
    0,
    1
  ],
  "projectionMatrix" : [
    1.508411169052124,
    0,
    -0.009379267692565918,
    0,
    0,
    2.0112149715423584,
    -0.035606741905212402,
    0,
    0,
    0,
    -0.9999997615814209,
    -0.00099999981466680765,
    0,
    0,
    -1,
    0
  ],
  "averageAngularVelocity" : 0.085406824946403503,
  "cameraGrain" : 0,
  "exposureDuration" : 0.016393441706895828
}