{
  "motionQuality" : 0.96645855903625488,
  "intrinsics" : [
    1448.5364990234375,
    0,
    967.552978515625,
    0,
    1448.5364990234375,
    693.40753173828125,
    0,
    0,
    1
  ],
  "cameraGrain" : 0,
  "cameraPoseARFrame" : [
    -0.070688128471374512,
    -0.72607886791229248,
    0.68396830558776855,
    1.0440342426300049,
    0.049572352319955826,
    0.68227922916412354,
    0.72940909862518311,
    1.4309587478637695,
    -0.9962659478187561,
    0.085466504096984863,
    -0.012235608883202076,
    0.51788234710693359,
    0,
    0,
    0,
    1
  ],
  "averageVelocity" : 0.11739508807659149,
  "averageAngularVelocity" : 0.11219286173582077,
  "frame_index" : 57,
  "projectionMatrix" : [
    1.5088921785354614,
    0,
    -0.008388519287109375,
    0,
    0,
    2.0118563175201416,
    -0.036239504814147949,
    0,
    0,
    0,
    -0.9999997615814209,
    -0.00099999981466680765,
    0,
    0,
    -1,
    0
  ],
  "time" : 402906.74541770841,
  "exposureDuration" : 0.016393441706895828
}