{
  "frame_index" : 66,
  "motionQuality" : 0.97316145896911621,
  "exposureDuration" : 0.016393441706895828,
  "time" : 402908.28150458343,
  "averageVelocity" : 0.093934983015060425,
  "intrinsics" : [
    1448.1162109375,
    0,
    968.82000732421875,
    0,
    1448.1162109375,
    692.25341796875,
    0,
    0,
    1
  ],
  "cameraPoseARFrame" : [
    -0.31596055626869202,
    -0.65961462259292603,
    0.68196594715118408,
    1.1038782596588135,
    0.064913742244243622,
    0.70207417011260986,
    0.70913892984390259,
    1.4452400207519531,
    -0.94654911756515503,
    0.26832890510559082,
    -0.17900967597961426,
    0.22852349281311035,
    0,
    0,
    0,
    1
  ],
  "projectionMatrix" : [
    1.508454442024231,
    0,
    -0.0097082853317260742,
    0,
    0,
    2.0112724304199219,
    -0.037842512130737305,
    0,
    0,
    0,
    -0.9999997615814209,
    -0.00099999981466680765,
    0,
    0,
    -1,
    0
  ],
  "averageAngularVelocity" : 0.044380508363246918,
  "cameraGrain" : 0
}