{
  "averageVelocity" : 0.12954549491405487,
  "cameraPoseARFrame" : [
    0.84639531373977661,
    -0.41584160923957825,
    0.33270207047462463,
    0.57811403274536133,
    0.045565448701381683,
    0.67898392677307129,
    0.73273772001266479,
    1.486411452293396,
    -0.53060221672058105,
    -0.60502606630325317,
    0.59363692998886108,
    1.3131282329559326,
    0,
    0,
    0,
    1
  ],
  "frame_index" : 30,
  "intrinsics" : [
    1447.638671875,
    0,
    966.9923095703125,
    0,
    1447.638671875,
    692.394775390625,
    0,
    0,
    1
  ],
  "cameraGrain" : 0,
  "motionQuality" : 0.96298700571060181,
  "projectionMatrix" : [
    1.5079569816589355,
    0,
    -0.0078045129776000977,
    0,
    0,
    2.0106091499328613,
    -0.037646174430847168,
    0,
    0,
    0,
    -0.9999997615814209,
    -0.00099999981466680765,
    0,
    0,
    -1,
    0
  ],
  "averageAngularVelocity" : 0.088103629648685455,
  "exposureDuration" : 0.016393441706895828,
  "time" : 402902.1322561251
}