{
  "motionQuality" : 0.93729144334793091,
  "intrinsics" : [
    1448.136962890625,
    0,
    966.9461669921875,
    0,
    1448.136962890625,
    693.001953125,
    0,
    0,
    1
  ],
  "cameraGrain" : 0,
  "cameraPoseARFrame" : [
    -0.064781956374645233,
    -0.71383357048034668,
    0.69731265306472778,
    1.0600388050079346,
    0.06489890068769455,
    0.69428730010986328,
    0.71676582098007202,
    1.4340971708297729,
    -0.99578684568405151,
    0.091688327491283417,
    0.0013497183099389076,
    0.51510882377624512,
    0,
    0,
    0,
    1
  ],
  "averageVelocity" : 0.077137470245361328,
  "averageAngularVelocity" : 0.21947987377643585,
  "frame_index" : 58,
  "time" : 402906.94606579177,
  "projectionMatrix" : [
    1.5084760189056396,
    0,
    -0.0077564716339111328,
    0,
    0,
    2.0113012790679932,
    -0.036802887916564941,
    0,
    0,
    0,
    -0.9999997615814209,
    -0.00099999981466680765,
    0,
    0,
    -1,
    0
  ],
  "exposureDuration" : 0.016393441706895828
}