{
  "cameraGrain" : 0,
  "frame_index" : 69,
  "averageVelocity" : 0.029991487041115761,
  "averageAngularVelocity" : 0.077454276382923126,
  "exposureDuration" : 0.016393441706895828,
  "projectionMatrix" : [
    1.508411169052124,
    0,
    -0.0094448328018188477,
    0,
    0,
    2.0112149715423584,
    -0.038003444671630859,
    0,
    0,
    0,
    -0.9999997615814209,
    -0.00099999981466680765,
    0,
    0,
    -1,
    0
  ],
  "intrinsics" : [
    1448.07470703125,
    0,
    968.5670166015625,
    0,
    1448.07470703125,
    692.13751220703125,
    0,
    0,
    1
  ],
  "time" : 402908.7826204584,
  "cameraPoseARFrame" : [
    -0.29094111919403076,
    -0.66328126192092896,
    0.68950092792510986,
    1.091486930847168,
    0.069198928773403168,
    0.70420050621032715,
    0.70662105083465576,
    1.4427486658096313,
    -0.9542352557182312,
    0.25329780578613281,
    -0.1589825451374054,
    0.21650838851928711,
    0,
    0,
    0,
    1.0000001192092896
  ],
  "motionQuality" : 0.97787022590637207
}