{
  "averageVelocity" : 0.19751390814781189,
  "cameraGrain" : 0,
  "motionQuality" : 0.93614554405212402,
  "projectionMatrix" : [
    1.508384108543396,
    0,
    -0.010677576065063477,
    0,
    0,
    2.011178731918335,
    -0.037654519081115723,
    0,
    0,
    0,
    -0.9999997615814209,
    -0.00099999981466680765,
    0,
    0,
    -1,
    0
  ],
  "exposureDuration" : 0.016393441706895828,
  "time" : 402907.77974991675,
  "intrinsics" : [
    1448.0487060546875,
    0,
    969.75042724609375,
    0,
    1448.0487060546875,
    692.38873291015625,
    0,
    0,
    1
  ],
  "frame_index" : 63,
  "cameraPoseARFrame" : [
    -0.30992865562438965,
    -0.67065048217773438,
    0.67392295598983765,
    1.1054565906524658,
    0.099803738296031952,
    0.68196052312850952,
    0.72454744577407837,
    1.4345521926879883,
    -0.94550693035125732,
    0.29181811213493347,
    -0.14442569017410278,
    0.28856849670410156,
    0,
    0,
    0,
    1.0000001192092896
  ],
  "averageAngularVelocity" : 0.22349059581756592
}