{
  "motionQuality" : 0.86801671981811523,
  "averageVelocity" : 0.46194145083427429,
  "intrinsics" : [
    1448.4638671875,
    0,
    969.89251708984375,
    0,
    1448.4638671875,
    695.84136962890625,
    0,
    0,
    1
  ],
  "time" : 402903.53688766673,
  "averageAngularVelocity" : 0.23950393497943878,
  "exposureDuration" : 0.016393441706895828,
  "frame_index" : 38,
  "projectionMatrix" : [
    1.5088164806365967,
    0,
    -0.010825514793395996,
    0,
    0,
    2.0117554664611816,
    -0.032859206199645996,
    0,
    0,
    0,
    -0.9999997615814209,
    -0.00099999981466680765,
    0,
    0,
    -1,
    0
  ],
  "cameraPoseARFrame" : [
    0.6052204966545105,
    -0.62720859050750732,
    0.49022212624549866,
    0.74866247177124023,
    0.060215801000595093,
    0.65011781454086304,
    0.75744372606277466,
    1.4616507291793823,
    -0.79377734661102295,
    -0.42890128493309021,
    0.43123245239257812,
    1.032351016998291,
    0,
    0,
    0,
    1.0000001192092896
  ],
  "cameraGrain" : 0
}