{
  "projectionMatrix" : [
    1.5083732604980469,
    0,
    -0.009862065315246582,
    0,
    0,
    2.0111644268035889,
    -0.037229418754577637,
    0,
    0,
    0,
    -0.9999997615814209,
    -0.00099999981466680765,
    0,
    0,
    -1,
    0
  ],
  "time" : 402904.87298216677,
  "averageAngularVelocity" : 0.1014142706990242,
  "intrinsics" : [
    1448.038330078125,
    0,
    968.967529296875,
    0,
    1448.038330078125,
    692.69482421875,
    0,
    0,
    1
  ],
  "motionQuality" : 0.9449647068977356,
  "exposureDuration" : 0.016393441706895828,
  "cameraGrain" : 0,
  "cameraPoseARFrame" : [
    0.28360286355018616,
    -0.736674964427948,
    0.61390501260757446,
    0.91988682746887207,
    0.076260372996330261,
    0.65548855066299438,
    0.75134474039077759,
    1.4766290187835693,
    -0.95590466260910034,
    -0.16626691818237305,
    0.24207755923271179,
    0.83774614334106445,
    0,
    0,
    0,
    1
  ],
  "averageVelocity" : 0.19262343645095825,
  "frame_index" : 46
}