{
  "cameraGrain" : 0,
  "projectionMatrix" : [
    1.5084220170974731,
    0,
    -0.011229157447814941,
    0,
    0,
    2.0112292766571045,
    -0.037569642066955566,
    0,
    0,
    0,
    -0.9999997615814209,
    -0.00099999981466680765,
    0,
    0,
    -1,
    0
  ],
  "time" : 402907.71463320841,
  "cameraPoseARFrame" : [
    -0.29702949523925781,
    -0.67575651407241821,
    0.67463093996047974,
    1.1026194095611572,
    0.10639303922653198,
    0.67869627475738525,
    0.72667181491851807,
    1.4320099353790283,
    -0.94892263412475586,
    0.2876189649105072,
    -0.12969702482223511,
    0.29929256439208984,
    0,
    0,
    0,
    1
  ],
  "exposureDuration" : 0.016393441706895828,
  "motionQuality" : 0.93077880144119263,
  "averageVelocity" : 0.24227423965930939,
  "frame_index" : 62,
  "averageAngularVelocity" : 0.18853124976158142,
  "intrinsics" : [
    1448.0850830078125,
    0,
    970.27996826171875,
    0,
    1448.0850830078125,
    692.4498291015625,
    0,
    0,
    1
  ]
}