{
  "intrinsics" : [
    1448.5313720703125,
    0,
    969.01953125,
    0,
    1448.5313720703125,
    694.34912109375,
    0,
    0,
    1
  ],
  "averageVelocity" : 0.30582606792449951,
  "motionQuality" : 0.9126211404800415,
  "projectionMatrix" : [
    1.5088868141174316,
    0,
    -0.0099161863327026367,
    0,
    0,
    2.0118491649627686,
    -0.034931778907775879,
    0,
    0,
    0,
    -0.9999997615814209,
    -0.00099999981466680765,
    0,
    0,
    -1,
    0
  ],
  "time" : 402906.10838158341,
  "cameraGrain" : 0,
  "frame_index" : 53,
  "averageAngularVelocity" : 0.17108145356178284,
  "exposureDuration" : 0.016393441706895828,
  "cameraPoseARFrame" : [
    0.029504882171750069,
    -0.76181489229202271,
    0.64712244272232056,
    0.94077801704406738,
    0.051323700696229935,
    0.64770489931106567,
    0.76016056537628174,
    1.394289493560791,
    -0.99824613332748413,
    0.01078428328037262,
    0.058209624141454697,
    0.6193244457244873,
    0,
    0,
    0,
    0.99999988079071045
  ]
}