{
  "projectionMatrix" : [
    1.5083678960800171,
    0,
    -0.009432673454284668,
    0,
    0,
    2.0111572742462158,
    -0.038485407829284668,
    0,
    0,
    0,
    -0.9999997615814209,
    -0.00099999981466680765,
    0,
    0,
    -1,
    0
  ],
  "averageVelocity" : 0.25281739234924316,
  "averageAngularVelocity" : 0.14858004450798035,
  "motionQuality" : 0.92776644229888916,
  "cameraPoseARFrame" : [
    0.32780644297599792,
    -0.71422582864761353,
    0.6184048056602478,
    0.93946433067321777,
    0.067961737513542175,
    0.67070478200912476,
    0.73860424757003784,
    1.4824910163879395,
    -0.94229733943939209,
    -0.20009137690067291,
    0.2684013843536377,
    0.89023375511169434,
    0,
    0,
    0,
    1
  ],
  "exposureDuration" : 0.016393441706895828,
  "frame_index" : 44,
  "cameraGrain" : 0,
  "intrinsics" : [
    1448.033203125,
    0,
    968.555419921875,
    0,
    1448.033203125,
    691.79052734375,
    0,
    0,
    1
  ],
  "time" : 402904.6052223334
}