{
  "averageVelocity" : 0.1929219514131546,
  "frame_index" : 13,
  "projectionMatrix" : [
    1.5079894065856934,
    0,
    -0.0060131549835205078,
    0,
    0,
    2.0106525421142578,
    -0.038472890853881836,
    0,
    0,
    0,
    -0.9999997615814209,
    -0.00099999981466680765,
    0,
    0,
    -1,
    0
  ],
  "averageAngularVelocity" : 0.07881607860326767,
  "exposureDuration" : 0.016393441706895828,
  "time" : 402899.29242250009,
  "cameraPoseARFrame" : [
    0.9548303484916687,
    0.22649317979812622,
    -0.19235333800315857,
    -0.11054134368896484,
    -0.02232721634209156,
    0.70017844438552856,
    0.71361863613128662,
    1.4549438953399658,
    0.29631140828132629,
    -0.67709004878997803,
    0.67360872030258179,
    1.4431636333465576,
    0,
    0,
    0,
    1
  ],
  "cameraGrain" : 0,
  "motionQuality" : 0.94487941265106201,
  "intrinsics" : [
    1447.6697998046875,
    0,
    965.2725830078125,
    0,
    1447.6697998046875,
    691.79949951171875,
    0,
    0,
    1
  ]
}