{
  "projectionMatrix" : [
    1.5080111026763916,
    0,
    -0.0064258575439453125,
    0,
    0,
    2.0106813907623291,
    -0.038460135459899902,
    0,
    0,
    0,
    -0.9999997615814209,
    -0.00099999981466680765,
    0,
    0,
    -1,
    0
  ],
  "intrinsics" : [
    1447.690673828125,
    0,
    965.6688232421875,
    0,
    1447.690673828125,
    691.8087158203125,
    0,
    0,
    1
  ],
  "averageAngularVelocity" : 0.28293892741203308,
  "cameraPoseARFrame" : [
    0.97628086805343628,
    0.17020933330059052,
    -0.13380777835845947,
    -0.045160651206970215,
    -0.022049577906727791,
    0.69297808408737183,
    0.72062140703201294,
    1.4449518918991089,
    0.21538235247135162,
    -0.70057845115661621,
    0.6802942156791687,
    1.4246938228607178,
    0,
    0,
    0,
    0.99999988079071045
  ],
  "frame_index" : 15,
  "time" : 402899.5927235001,
  "cameraGrain" : 0,
  "averageVelocity" : 0.2606205940246582,
  "exposureDuration" : 0.016393441706895828,
  "motionQuality" : 0.91916030645370483
}