{
  "exposureDuration" : 0.016393441706895828,
  "cameraPoseARFrame" : [
    0.81870943307876587,
    0.40621033310890198,
    -0.40584239363670349,
    -0.41821098327636719,
    -0.0069040935486555099,
    0.71369904279708862,
    0.70041841268539429,
    1.4464943408966064,
    0.57416647672653198,
    -0.57063722610473633,
    0.58711665868759155,
    1.2926158905029297,
    0,
    0,
    0,
    1
  ],
  "motionQuality" : 0.99090588092803955,
  "time" : 402897.72347516677,
  "projectionMatrix" : [
    1.5080057382583618,
    0,
    -0.0072453022003173828,
    0,
    0,
    2.0106744766235352,
    -0.038375496864318848,
    0,
    0,
    0,
    -0.9999997615814209,
    -0.00099999981466680765,
    0,
    0,
    -1,
    0
  ],
  "frame_index" : 4,
  "intrinsics" : [
    1447.685546875,
    0,
    966.4554443359375,
    0,
    1447.685546875,
    691.86962890625,
    0,
    0,
    1
  ],
  "averageAngularVelocity" : 0.031829454004764557,
  "cameraGrain" : 0,
  "averageVelocity" : 0.018510054796934128
}