{
  "cameraGrain" : 0,
  "intrinsics" : [
    1447.6646728515625,
    0,
    967.8555908203125,
    0,
    1447.6646728515625,
    692.1051025390625,
    0,
    0,
    1
  ],
  "frame_index" : 9,
  "averageAngularVelocity" : 0.20985154807567596,
  "cameraPoseARFrame" : [
    0.89784973859786987,
    0.32116928696632385,
    -0.30119141936302185,
    -0.27526581287384033,
    -0.017073975875973701,
    0.70893800258636475,
    0.70506417751312256,
    1.4461419582366943,
    0.43997094035148621,
    -0.62789911031723022,
    0.64200347661972046,
    1.3581068515777588,
    0,
    0,
    0,
    1
  ],
  "averageVelocity" : 0.33803927898406982,
  "motionQuality" : 0.90341734886169434,
  "time" : 402898.55679429177,
  "exposureDuration" : 0.016393441706895828,
  "projectionMatrix" : [
    1.5079840421676636,
    0,
    -0.0087037086486816406,
    0,
    0,
    2.0106453895568848,
    -0.038048505783081055,
    0,
    0,
    0,
    -0.9999997615814209,
    -0.00099999981466680765,
    0,
    0,
    -1,
    0
  ]
}