{
  "motionQuality" : 0.90924447774887085,
  "intrinsics" : [
    1448.4949951171875,
    0,
    968.83587646484375,
    0,
    1448.4949951171875,
    694.19122314453125,
    0,
    0,
    1
  ],
  "cameraGrain" : 0,
  "cameraPoseARFrame" : [
    -0.0078580901026725769,
    -0.7587544322013855,
    0.65132951736450195,
    0.9612274169921875,
    0.050352267920970917,
    0.65022307634353638,
    0.75807297229766846,
    1.3993968963623047,
    -0.99870067834854126,
    0.038752928376197815,
    0.033095486462116241,
    0.59577178955078125,
    0,
    0,
    0,
    1.0000001192092896
  ],
  "averageVelocity" : 0.31764423847198486,
  "averageAngularVelocity" : 0.26411294937133789,
  "frame_index" : 54,
  "projectionMatrix" : [
    1.5088489055633545,
    0,
    -0.0097248554229736328,
    0,
    0,
    2.011798620223999,
    -0.035151124000549316,
    0,
    0,
    0,
    -0.9999997615814209,
    -0.00099999981466680765,
    0,
    0,
    -1,
    0
  ],
  "time" : 402906.21102504176,
  "exposureDuration" : 0.016393441706895828
}