{
  "time" : 402900.99840291677,
  "cameraGrain" : 0,
  "exposureDuration" : 0.016393441706895828,
  "averageVelocity" : 0.51487010717391968,
  "averageAngularVelocity" : 0.57941120862960815,
  "projectionMatrix" : [
    1.5079678297042847,
    0,
    -0.010092616081237793,
    0,
    0,
    2.0106239318847656,
    -0.03609013557434082,
    0,
    0,
    0,
    -0.9999997615814209,
    -0.00099999981466680765,
    0,
    0,
    -1,
    0
  ],
  "intrinsics" : [
    1447.649169921875,
    0,
    969.18890380859375,
    0,
    1447.649169921875,
    693.51507568359375,
    0,
    0,
    1
  ],
  "cameraPoseARFrame" : [
    0.95786625146865845,
    -0.22349315881729126,
    0.18039676547050476,
    0.33967268466949463,
    0.018620053306221962,
    0.67509055137634277,
    0.73749983310699463,
    1.4450877904891968,
    -0.28661033511161804,
    -0.70306730270385742,
    0.65080791711807251,
    1.3543429374694824,
    0,
    0,
    0,
    1
  ],
  "motionQuality" : 0.83445394039154053,
  "frame_index" : 23
}