{
  "averageVelocity" : 0.17314577102661133,
  "frame_index" : 26,
  "projectionMatrix" : [
    1.5083624124526978,
    0,
    -0.0072178840637207031,
    0,
    0,
    2.0111498832702637,
    -0.037549376487731934,
    0,
    0,
    0,
    -0.9999997615814209,
    -0.00099999981466680765,
    0,
    0,
    -1,
    0
  ],
  "averageAngularVelocity" : 0.13650530576705933,
  "exposureDuration" : 0.016393441706895828,
  "time" : 402901.53247804177,
  "cameraPoseARFrame" : [
    0.88331085443496704,
    -0.36178210377693176,
    0.29812055826187134,
    0.54110980033874512,
    0.032675180584192276,
    0.68190681934356689,
    0.73070889711380005,
    1.4832429885864258,
    -0.46764779090881348,
    -0.63570189476013184,
    0.61415696144104004,
    1.353135347366333,
    0,
    0,
    0,
    1
  ],
  "cameraGrain" : 0,
  "intrinsics" : [
    1448.0279541015625,
    0,
    966.42919921875,
    0,
    1448.0279541015625,
    692.46441650390625,
    0,
    0,
    1
  ],
  "motionQuality" : 0.95052975416183472
}