{
  "averageVelocity" : 0.28150543570518494,
  "cameraPoseARFrame" : [
    0.7963176965713501,
    -0.48138147592544556,
    0.36626490950584412,
    0.58242416381835938,
    0.057691629976034164,
    0.66320139169692993,
    0.74621409177780151,
    1.4716182947158813,
    -0.60212111473083496,
    -0.57309305667877197,
    0.55589079856872559,
    1.2177994251251221,
    0,
    0,
    0,
    1
  ],
  "frame_index" : 32,
  "intrinsics" : [
    1447.758056640625,
    0,
    968.51202392578125,
    0,
    1447.758056640625,
    692.48394775390625,
    0,
    0,
    1
  ],
  "cameraGrain" : 0,
  "motionQuality" : 0.91956984996795654,
  "projectionMatrix" : [
    1.508081316947937,
    0,
    -0.0093874931335449219,
    0,
    0,
    2.010775089263916,
    -0.037522315979003906,
    0,
    0,
    0,
    -0.9999997615814209,
    -0.00099999981466680765,
    0,
    0,
    -1,
    0
  ],
  "averageAngularVelocity" : 0.13115562498569489,
  "exposureDuration" : 0.016393441706895828,
  "time" : 402902.5669997501
}