{
  "exposureDuration" : 0.016393441706895828,
  "intrinsics" : [
    1448.0435791015625,
    0,
    968.0518798828125,
    0,
    1448.0435791015625,
    693.39105224609375,
    0,
    0,
    1
  ],
  "cameraGrain" : 0,
  "averageAngularVelocity" : 0.3143736720085144,
  "frame_index" : 41,
  "cameraPoseARFrame" : [
    0.43600127100944519,
    -0.68515753746032715,
    0.58349132537841797,
    0.94038724899291992,
    0.060020953416824341,
    0.66905742883682251,
    0.74078315496444702,
    1.4866528511047363,
    -0.89794230461120605,
    -0.28796067833900452,
    0.3328336775302887,
    0.98189401626586914,
    0,
    0,
    0,
    1
  ],
  "projectionMatrix" : [
    1.5083787441253662,
    0,
    -0.0089081525802612305,
    0,
    0,
    2.0111715793609619,
    -0.036262392997741699,
    0,
    0,
    0,
    -0.9999997615814209,
    -0.00099999981466680765,
    0,
    0,
    -1,
    0
  ],
  "motionQuality" : 0.91017895936965942,
  "averageVelocity" : 0.23455065488815308,
  "time" : 402904.0707111251
}