{
  "averageAngularVelocity" : 0.14395013451576233,
  "intrinsics" : [
    1447.607666015625,
    0,
    966.22088623046875,
    0,
    1447.607666015625,
    692.58612060546875,
    0,
    0,
    1
  ],
  "time" : 402900.09406629176,
  "cameraGrain" : 0,
  "projectionMatrix" : [
    1.5079246759414673,
    0,
    -0.0070009231567382812,
    0,
    0,
    2.010566234588623,
    -0.037380337715148926,
    0,
    0,
    0,
    -0.9999997615814209,
    -0.00099999981466680765,
    0,
    0,
    -1,
    0
  ],
  "frame_index" : 18,
  "exposureDuration" : 0.016393441706895828,
  "cameraPoseARFrame" : [
    0.99644696712493896,
    0.045047976076602936,
    -0.07116217166185379,
    0.066750645637512207,
    0.020597834140062332,
    0.68892943859100342,
    0.72453558444976807,
    1.4558250904083252,
    0.081664569675922394,
    -0.7234271764755249,
    0.68555384874343872,
    1.399456262588501,
    0,
    0,
    0,
    1
  ],
  "motionQuality" : 0.95121383666992188,
  "averageVelocity" : 0.17075146734714508
}