{
  "cameraGrain" : 0,
  "intrinsics" : [
    1447.617919921875,
    0,
    967.27911376953125,
    0,
    1447.617919921875,
    692.3433837890625,
    0,
    0,
    1
  ],
  "frame_index" : 10,
  "averageAngularVelocity" : 0.22443169355392456,
  "cameraPoseARFrame" : [
    0.92069590091705322,
    0.28749179840087891,
    -0.26394602656364441,
    -0.21883833408355713,
    -0.017488991841673851,
    0.70600998401641846,
    0.70798581838607788,
    1.4469774961471558,
    0.38988867402076721,
    -0.64722353219985962,
    0.65504854917526245,
    1.3965384960174561,
    0,
    0,
    0,
    1
  ],
  "averageVelocity" : 0.32840448617935181,
  "motionQuality" : 0.90617012977600098,
  "time" : 402898.75825791678,
  "exposureDuration" : 0.016393441706895828,
  "projectionMatrix" : [
    1.5079352855682373,
    0,
    -0.0081032514572143555,
    0,
    0,
    2.0105805397033691,
    -0.037717580795288086,
    0,
    0,
    0,
    -0.9999997615814209,
    -0.00099999981466680765,
    0,
    0,
    -1,
    0
  ]
}