{
  "projectionMatrix" : [
    1.5084165334701538,
    0,
    -0.010481476783752441,
    0,
    0,
    2.0112218856811523,
    -0.034646391868591309,
    0,
    0,
    0,
    -0.9999997615814209,
    -0.00099999981466680765,
    0,
    0,
    -1,
    0
  ],
  "intrinsics" : [
    1448.079833984375,
    0,
    969.562255859375,
    0,
    1448.079833984375,
    694.55462646484375,
    0,
    0,
    1
  ],
  "averageAngularVelocity" : 0.22989220917224884,
  "motionQuality" : 0.92403054237365723,
  "exposureDuration" : 0.016393441706895828,
  "time" : 402905.67615633341,
  "cameraPoseARFrame" : [
    0.17590188980102539,
    -0.74494773149490356,
    0.64351481199264526,
    0.89518260955810547,
    0.053704515099525452,
    0.65999609231948853,
    0.74934697151184082,
    1.4166895151138306,
    -0.98294168710708618,
    -0.09725189208984375,
    0.15610162913799286,
    0.72669315338134766,
    0,
    0,
    0,
    1
  ],
  "cameraGrain" : 0,
  "frame_index" : 51,
  "averageVelocity" : 0.26589313149452209
}