{
  "cameraPoseARFrame" : [
    0.98948699235916138,
    -0.12037742137908936,
    0.080155372619628906,
    0.24102950096130371,
    0.022578589618206024,
    0.6760256290435791,
    0.73653209209442139,
    1.4499242305755615,
    -0.1428489089012146,
    -0.72697919607162476,
    0.67163646221160889,
    1.3601858615875244,
    0,
    0,
    0,
    1
  ],
  "time" : 402900.79658004176,
  "motionQuality" : 0.88042116165161133,
  "exposureDuration" : 0.016393441706895828,
  "intrinsics" : [
    1447.685546875,
    0,
    968.952392578125,
    0,
    1447.685546875,
    693.44744873046875,
    0,
    0,
    1
  ],
  "cameraGrain" : 0,
  "projectionMatrix" : [
    1.5080057382583618,
    0,
    -0.0098462104797363281,
    0,
    0,
    2.0106744766235352,
    -0.036184072494506836,
    0,
    0,
    0,
    -0.9999997615814209,
    -0.00099999981466680765,
    0,
    0,
    -1,
    0
  ],
  "frame_index" : 22,
  "averageVelocity" : 0.41852587461471558,
  "averageAngularVelocity" : 0.41682860255241394
}