{
  "intrinsics" : [
    1448.0279541015625,
    0,
    968.924560546875,
    0,
    1448.0279541015625,
    694.26263427734375,
    0,
    0,
    1
  ],
  "time" : 402903.1007857084,
  "motionQuality" : 0.91759377717971802,
  "frame_index" : 35,
  "exposureDuration" : 0.016393441706895828,
  "cameraPoseARFrame" : [
    0.72831296920776367,
    -0.55370426177978516,
    0.40369760990142822,
    0.61518526077270508,
    0.065183602273464203,
    0.64243894815444946,
    0.76355946063995361,
    1.4658181667327881,
    -0.68213725090026855,
    -0.52979588508605957,
    0.50398904085159302,
    1.0932273864746094,
    0,
    0,
    0,
    1
  ],
  "averageAngularVelocity" : 0.28842183947563171,
  "cameraGrain" : 0,
  "projectionMatrix" : [
    1.5083624124526978,
    0,
    -0.0098172426223754883,
    0,
    0,
    2.0111498832702637,
    -0.035051941871643066,
    0,
    0,
    0,
    -0.9999997615814209,
    -0.00099999981466680765,
    0,
    0,
    -1,
    0
  ],
  "averageVelocity" : 0.19836783409118652
}