{
  "motionQuality" : 0.9070853590965271,
  "averageAngularVelocity" : 0.32520118355751038,
  "cameraPoseARFrame" : [
    0.088478386402130127,
    -0.7606242299079895,
    0.64313483238220215,
    0.90946221351623535,
    0.03955686092376709,
    0.64784079790115356,
    0.76074790954589844,
    1.3945523500442505,
    -0.99529236555099487,
    -0.041869360953569412,
    0.087407819926738739,
    0.66950798034667969,
    0,
    0,
    0,
    1
  ],
  "projectionMatrix" : [
    1.508411169052124,
    0,
    -0.010382890701293945,
    0,
    0,
    2.0112149715423584,
    -0.034799814224243164,
    0,
    0,
    0,
    -0.9999997615814209,
    -0.00099999981466680765,
    0,
    0,
    -1,
    0
  ],
  "cameraGrain" : 0,
  "exposureDuration" : 0.016393441706895828,
  "intrinsics" : [
    1448.07470703125,
    0,
    969.46759033203125,
    0,
    1448.07470703125,
    694.444091796875,
    0,
    0,
    1
  ],
  "time" : 402905.90779291675,
  "frame_index" : 52,
  "averageVelocity" : 0.28381827473640442
}