{
  "time" : 402901.0970658334,
  "cameraGrain" : 0,
  "exposureDuration" : 0.016393441706895828,
  "averageVelocity" : 0.52859902381896973,
  "averageAngularVelocity" : 0.45373234152793884,
  "projectionMatrix" : [
    1.5079948902130127,
    0,
    -0.010064244270324707,
    0,
    0,
    2.0106596946716309,
    -0.036282896995544434,
    0,
    0,
    0,
    -0.9999997615814209,
    -0.00099999981466680765,
    0,
    0,
    -1,
    0
  ],
  "intrinsics" : [
    1447.675048828125,
    0,
    969.16168212890625,
    0,
    1447.675048828125,
    693.3763427734375,
    0,
    0,
    1
  ],
  "cameraPoseARFrame" : [
    0.94043159484863281,
    -0.2609620988368988,
    0.21791569888591766,
    0.39185976982116699,
    0.011613227427005768,
    0.66524362564086914,
    0.74653613567352295,
    1.4518579244613647,
    -0.33978462219238281,
    -0.69953548908233643,
    0.62864667177200317,
    1.3564021587371826,
    0,
    0,
    0,
    1
  ],
  "frame_index" : 24,
  "motionQuality" : 0.84897172451019287
}