{
  "exposureDuration" : 0.016393441706895828,
  "cameraPoseARFrame" : [
    0.82525503635406494,
    0.39880329370498657,
    -0.39988726377487183,
    -0.40769326686859131,
    -0.010261503979563713,
    0.71853721141815186,
    0.69541257619857788,
    1.4488900899887085,
    0.56466680765151978,
    -0.56978940963745117,
    0.59706878662109375,
    1.305903434753418,
    0,
    0,
    0,
    0.99999988079071045
  ],
  "motionQuality" : 1,
  "time" : 402896.97460912511,
  "frame_index" : 0,
  "projectionMatrix" : [
    1.5079731941223145,
    0,
    -0.0068008899688720703,
    0,
    0,
    2.0106310844421387,
    -0.038609027862548828,
    0,
    0,
    0,
    -0.9999997615814209,
    -0.00099999981466680765,
    0,
    0,
    -1,
    0
  ],
  "intrinsics" : [
    1447.654296875,
    0,
    966.02886962890625,
    0,
    1447.654296875,
    691.7015380859375,
    0,
    0,
    1
  ],
  "averageAngularVelocity" : 0,
  "cameraGrain" : 0,
  "averageVelocity" : 0
}