{
  "projectionMatrix" : [
    1.5079678297042847,
    0,
    -0.0079190731048583984,
    0,
    0,
    2.0106239318847656,
    -0.038476228713989258,
    0,
    0,
    0,
    -0.9999997615814209,
    -0.00099999981466680765,
    0,
    0,
    -1,
    0
  ],
  "intrinsics" : [
    1447.649169921875,
    0,
    967.102294921875,
    0,
    1447.649169921875,
    691.797119140625,
    0,
    0,
    1
  ],
  "cameraGrain" : 0,
  "motionQuality" : 0.97066980600357056,
  "averageVelocity" : 0.10265571624040604,
  "time" : 402898.02402295842,
  "frame_index" : 6,
  "averageAngularVelocity" : 0.084842570126056671,
  "cameraPoseARFrame" : [
    0.8312227725982666,
    0.39951950311660767,
    -0.38659131526947021,
    -0.39931833744049072,
    -0.013091943226754665,
    0.70925807952880859,
    0.70482736825942993,
    1.4460991621017456,
    0.55578529834747314,
    -0.58080732822418213,
    0.59478193521499634,
    1.2961218357086182,
    0,
    0,
    0,
    1
  ],
  "exposureDuration" : 0.016393441706895828
}