{
  "frame_index" : 33,
  "averageAngularVelocity" : 0.13527990877628326,
  "projectionMatrix" : [
    1.508411169052124,
    0,
    -0.0095529556274414062,
    0,
    0,
    2.0112149715423584,
    -0.037591338157653809,
    0,
    0,
    0,
    -0.9999997615814209,
    -0.00099999981466680765,
    0,
    0,
    -1,
    0
  ],
  "averageVelocity" : 0.30245006084442139,
  "intrinsics" : [
    1448.07470703125,
    0,
    968.67083740234375,
    0,
    1448.07470703125,
    692.4342041015625,
    0,
    0,
    1
  ],
  "time" : 402902.63463133341,
  "cameraPoseARFrame" : [
    0.78386908769607544,
    -0.49819439649581909,
    0.37060987949371338,
    0.58436250686645508,
    0.065081238746643066,
    0.65949875116348267,
    0.74888312816619873,
    1.4675256013870239,
    -0.61750608682632446,
    -0.56290656328201294,
    0.54938381910324097,
    1.197432279586792,
    0,
    0,
    0,
    1
  ],
  "cameraGrain" : 0,
  "exposureDuration" : 0.016393441706895828,
  "motionQuality" : 0.91358572244644165
}