{
  "averageVelocity" : 0.21028812229633331,
  "cameraGrain" : 0,
  "motionQuality" : 0.93199777603149414,
  "projectionMatrix" : [
    1.5084596872329712,
    0,
    -0.0094959735870361328,
    0,
    0,
    2.0112795829772949,
    -0.037034392356872559,
    0,
    0,
    0,
    -0.9999997615814209,
    -0.00099999981466680765,
    0,
    0,
    -1,
    0
  ],
  "exposureDuration" : 0.016393441706895828,
  "frame_index" : 59,
  "time" : 402907.14751725009,
  "intrinsics" : [
    1448.121337890625,
    0,
    968.61614990234375,
    0,
    1448.121337890625,
    692.835205078125,
    0,
    0,
    1
  ],
  "cameraPoseARFrame" : [
    -0.10773546248674393,
    -0.7068256139755249,
    0.69913572072982788,
    1.0724594593048096,
    0.085552550852298737,
    0.69402873516082764,
    0.71484601497650146,
    1.4316898584365845,
    -0.99049168825149536,
    0.13682711124420166,
    -0.014300776645541191,
    0.48463916778564453,
    0,
    0,
    0,
    0.99999988079071045
  ],
  "averageAngularVelocity" : 0.23800775408744812
}