{
  "averageAngularVelocity" : 0.015649391338229179,
  "motionQuality" : 0.99028110504150391,
  "frame_index" : 3,
  "projectionMatrix" : [
    1.5079678297042847,
    0,
    -0.007189631462097168,
    0,
    0,
    2.0106239318847656,
    -0.038433194160461426,
    0,
    0,
    0,
    -0.9999997615814209,
    -0.00099999981466680765,
    0,
    0,
    -1,
    0
  ],
  "time" : 402897.48843820841,
  "intrinsics" : [
    1447.649169921875,
    0,
    966.402099609375,
    0,
    1447.649169921875,
    691.82806396484375,
    0,
    0,
    1
  ],
  "cameraPoseARFrame" : [
    0.82121354341506958,
    0.40087032318115234,
    -0.40609288215637207,
    -0.41604948043823242,
    -0.006245708093047142,
    0.71794015169143677,
    0.69607681035995483,
    1.447950005531311,
    0.5705869197845459,
    -0.56909137964248657,
    0.59208589792251587,
    1.2968430519104004,
    0,
    0,
    0,
    1
  ],
  "averageVelocity" : 0.034016162157058716,
  "cameraGrain" : 0,
  "exposureDuration" : 0.016393441706895828
}