{
  "averageAngularVelocity" : 0.082920901477336884,
  "motionQuality" : 0.97630828619003296,
  "frame_index" : 5,
  "projectionMatrix" : [
    1.5079840421676636,
    0,
    -0.0077091455459594727,
    0,
    0,
    2.0106453895568848,
    -0.038450241088867188,
    0,
    0,
    0,
    -0.9999997615814209,
    -0.00099999981466680765,
    0,
    0,
    -1,
    0
  ],
  "time" : 402897.95660708344,
  "intrinsics" : [
    1447.6646728515625,
    0,
    966.90081787109375,
    0,
    1447.6646728515625,
    691.81585693359375,
    0,
    0,
    1
  ],
  "cameraPoseARFrame" : [
    0.82815438508987427,
    0.40065643191337585,
    -0.39196264743804932,
    -0.40659952163696289,
    -0.010534561239182949,
    0.71031153202056885,
    0.70380860567092896,
    1.4463016986846924,
    0.56040096282958984,
    -0.57873308658599854,
    0.59246844053268433,
    1.2940614223480225,
    0,
    0,
    0,
    1
  ],
  "averageVelocity" : 0.071548312902450562,
  "cameraGrain" : 0,
  "exposureDuration" : 0.016393441706895828
}