{
  "motionQuality" : 0.86606848239898682,
  "intrinsics" : [
    1448.0487060546875,
    0,
    970.13525390625,
    0,
    1448.0487060546875,
    692.90496826171875,
    0,
    0,
    1
  ],
  "exposureDuration" : 0.016393441706895828,
  "cameraPoseARFrame" : [
    -0.16966575384140015,
    -0.69495540857315063,
    0.69874930381774902,
    1.0785760879516602,
    0.063394635915756226,
    0.69986408948898315,
    0.71145719289779663,
    1.4307050704956055,
    -0.98346060514450073,
    0.16500689089298248,
    -0.074686519801616669,
    0.44185161590576172,
    0,
    0,
    0,
    1
  ],
  "projectionMatrix" : [
    1.508384108543396,
    0,
    -0.011078357696533203,
    0,
    0,
    2.011178731918335,
    -0.036937594413757324,
    0,
    0,
    0,
    -0.9999997615814209,
    -0.00099999981466680765,
    0,
    0,
    -1,
    0
  ],
  "averageVelocity" : 0.33401596546173096,
  "averageAngularVelocity" : 0.46876034140586853,
  "time" : 402907.27917087509,
  "frame_index" : 60,
  "cameraGrain" : 0
}