{
  "cameraGrain" : 0,
  "averageAngularVelocity" : 0.11647059768438339,
  "motionQuality" : 0.93850290775299072,
  "intrinsics" : [
    1447.649169921875,
    0,
    967.65234375,
    0,
    1447.649169921875,
    691.7835693359375,
    0,
    0,
    1
  ],
  "exposureDuration" : 0.016393441706895828,
  "time" : 402898.22472883342,
  "cameraPoseARFrame" : [
    0.84505766630172729,
    0.38827338814735413,
    -0.36758878827095032,
    -0.36390101909637451,
    -0.014342048205435276,
    0.7037125825881958,
    0.71034002304077148,
    1.4431465864181519,
    0.53448301553726196,
    -0.59500622749328613,
    0.6002463698387146,
    1.3099534511566162,
    0,
    0,
    0,
    1
  ],
  "frame_index" : 7,
  "projectionMatrix" : [
    1.5079678297042847,
    0,
    -0.0084919929504394531,
    0,
    0,
    2.0106239318847656,
    -0.038495063781738281,
    0,
    0,
    0,
    -0.9999997615814209,
    -0.00099999981466680765,
    0,
    0,
    -1,
    0
  ],
  "averageVelocity" : 0.21523971855640411
}