{
  "motionQuality" : 0.89078503847122192,
  "averageVelocity" : 0.38225233554840088,
  "frame_index" : 40,
  "cameraPoseARFrame" : [
    0.49174946546554565,
    -0.67497724294662476,
    0.5500800609588623,
    0.89003849029541016,
    0.071657568216323853,
    0.6609686017036438,
    0.74698436260223389,
    1.4776322841644287,
    -0.86778318881988525,
    -0.32791176438331604,
    0.37339824438095093,
    0.99792385101318359,
    0,
    0,
    0,
    1
  ],
  "intrinsics" : [
    1448.1058349609375,
    0,
    969.19195556640625,
    0,
    1448.1058349609375,
    694.481689453125,
    0,
    0,
    1
  ],
  "time" : 402903.87056795839,
  "projectionMatrix" : [
    1.5084435939788818,
    0,
    -0.010095834732055664,
    0,
    0,
    2.0112581253051758,
    -0.034747600555419922,
    0,
    0,
    0,
    -0.9999997615814209,
    -0.00099999981466680765,
    0,
    0,
    -1,
    0
  ],
  "averageAngularVelocity" : 0.13789074122905731,
  "cameraGrain" : 0,
  "exposureDuration" : 0.016393441706895828
}