{
  "time" : 402899.99597254174,
  "cameraGrain" : 0,
  "exposureDuration" : 0.016393441706895828,
  "averageVelocity" : 0.18728567659854889,
  "averageAngularVelocity" : 0.15024344623088837,
  "projectionMatrix" : [
    1.5080057382583618,
    0,
    -0.0071753263473510742,
    0,
    0,
    2.0106744766235352,
    -0.037847518920898438,
    0,
    0,
    0,
    -0.9999997615814209,
    -0.00099999981466680765,
    0,
    0,
    -1,
    0
  ],
  "intrinsics" : [
    1447.685546875,
    0,
    966.3883056640625,
    0,
    1447.685546875,
    692.249755859375,
    0,
    0,
    1
  ],
  "frame_index" : 17,
  "motionQuality" : 0.94648981094360352,
  "cameraPoseARFrame" : [
    0.99500066041946411,
    0.053302351385354996,
    -0.084454573690891266,
    0.051304817199707031,
    0.024088121950626373,
    0.69260025024414062,
    0.72091919183731079,
    1.4486854076385498,
    0.0969199538230896,
    -0.71934950351715088,
    0.68785387277603149,
    1.4005153179168701,
    0,
    0,
    0,
    1
  ]
}