{
  "cameraGrain" : 0,
  "frame_index" : 68,
  "averageVelocity" : 0.037492278963327408,
  "averageAngularVelocity" : 0.045623164623975754,
  "exposureDuration" : 0.016393441706895828,
  "projectionMatrix" : [
    1.5084272623062134,
    0,
    -0.0093836784362792969,
    0,
    0,
    2.0112364292144775,
    -0.037829041481018066,
    0,
    0,
    0,
    -0.9999997615814209,
    -0.00099999981466680765,
    0,
    0,
    -1,
    0
  ],
  "intrinsics" : [
    1448.0902099609375,
    0,
    968.50830078125,
    0,
    1448.0902099609375,
    692.26312255859375,
    0,
    0,
    1
  ],
  "time" : 402908.71686166676,
  "cameraPoseARFrame" : [
    -0.29751113057136536,
    -0.66306102275848389,
    0.68690413236618042,
    1.0931119918823242,
    0.068312458693981171,
    0.70285487174987793,
    0.70804548263549805,
    1.4430378675460815,
    -0.9522712230682373,
    0.25757554173469543,
    -0.16381180286407471,
    0.21611261367797852,
    0,
    0,
    0,
    1
  ],
  "motionQuality" : 0.98696482181549072
}