{
  "modifiedStatusRefinedModel" : 1,
  "gpsAltitude" : 2.3575941318502793,
  "isFavorite" : 0,
  "numImages" : 70,
  "gpsLongitude" : -90.044923474332791,
  "numFaces" : 199338,
  "captureResolution" : -1,
  "transformToWorldMap" : {
    "m21" : 0,
    "m41" : -1.639162540435791,
    "m24" : 0,
    "m13" : 0,
    "m44" : 1,
    "m33" : 1,
    "m22" : 1,
    "m11" : 1,
    "m42" : 1.25,
    "m31" : 0,
    "m14" : 0,
    "m34" : 0,
    "m23" : 0,
    "m12" : 0,
    "m43" : 3.7039761543273926,
    "m32" : 0
  },
  "title" : "Untitled Scan",
  "appVersionString" : "1.9.5",
  "lastCameraPose" : {
    "m21" : 0.074528463184833527,
    "m41" : 0.013891144655644894,
    "m24" : 0,
    "m13" : 0.11306557059288025,
    "m44" : 1,
    "m33" : 0.74718058109283447,
    "m22" : 0.75200307369232178,
    "m11" : 0.99358755350112915,
    "m42" : 3.0636262893676758,
    "m31" : -0.085025541484355927,
    "m14" : 0,
    "m34" : 0,
    "m23" : -0.65493375062942505,
    "m12" : -1.3411045074462891e-07,
    "m43" : 3.2628750801086426,
    "m32" : 0.659160315990448
  },
  "appBuildString" : "1",
  "captureMode" : 1,
  "numVertices_orig" : 54480,
  "projectVersion" : 1,
  "numVertices" : 133648,
  "editStatusTexturedModel" : 2,
  "numFaces_orig" : 18160,
  "gpsLatitude" : 29.967247841895418
}